Filiale;Werbebudget;Umsatz;Zufriedenheit;Kundentyp;Treueprogramm
Nord;8;64,7;4;Stammkunde;ja
Süd;24,5;123,9;5;Neukunde;ja
West;16,2;83,4;4;Stammkunde;nein
Nord;25,8;104,2;4;Neukunde;nein
Süd;28,1;139,2;6;Stammkunde;ja
West;14,5;77,1;4;Neukunde;nein
Nord;9,3;56,3;3;Stammkunde;nein
Süd;9,2;74,3;6;Stammkunde;ja
West;16,9;78,7;4;Stammkunde;ja
Nord;13,1;78,1;4;Neukunde;nein
Süd;19,1;120,3;5;Stammkunde;ja
West;15,7;73,8;5;Stammkunde;nein
Nord;9,7;77,9;7;Stammkunde;ja
Süd;11,2;78,4;7;Neukunde;nein
West;27,5;122,3;6;Stammkunde;ja
Nord;8;66,6;4;Neukunde;ja
Süd;27,4;128,9;6;Stammkunde;ja
West;28,1;131,5;7;Stammkunde;nein
Nord;20,4;104,5;5;Neukunde;ja
Süd;24,9;130;7;Stammkunde;nein
West;10,9;75;7;Neukunde;nein
Nord;29;127;4;Neukunde;nein
Süd;13,2;103,4;5;Neukunde;nein
West;15,4;76,9;4;Neukunde;nein
Nord;21,9;114,2;3;Stammkunde;ja
Süd;20,3;123,1;6;Stammkunde;ja
West;22,6;96,8;5;Stammkunde;nein
Nord;8,6;54;4;Stammkunde;ja
Süd;22,5;134,4;6;Neukunde;nein
West;23;110,2;4;Neukunde;nein
Nord;8,8;83,9;7;Stammkunde;ja
Süd;28,8;155,1;5;Stammkunde;ja
West;29,9;124,2;4;Stammkunde;ja
Nord;13,1;87,7;7;Stammkunde;ja
Süd;12,6;96,7;5;Neukunde;nein
West;18,6;94,4;4;Stammkunde;ja
Nord;17,1;96,7;5;Neukunde;nein
Süd;26,8;138,5;5;Stammkunde;ja
West;18,9;84,7;4;Neukunde;nein
Nord;27,5;133,2;3;Neukunde;nein
Süd;15,9;91,7;5;Neukunde;nein
West;25,3;116,1;5;Neukunde;nein
Nord;22;103,2;6;Neukunde;nein
Süd;14;89,7;6;Neukunde;ja
West;27,8;120;5;Stammkunde;ja
Nord;28,3;152,7;6;Neukunde;nein
Süd;11,8;104,8;6;Stammkunde;ja
West;8,4;56;5;Stammkunde;nein
Nord;29;124,4;4;Neukunde;nein
Süd;10,2;67,7;4;Stammkunde;ja
West;21,6;106,5;6;Stammkunde;ja
Nord;16,9;90,8;5;Neukunde;nein
Süd;26,1;143,4;5;Neukunde;nein
West;12,2;77,2;7;Neukunde;ja
Nord;9,7;84,8;5;Stammkunde;ja
Süd;8,7;69,5;4;Stammkunde;ja
West;9,2;82,1;4;Neukunde;nein
Nord;19,2;95,6;6;Neukunde;nein
Süd;23,7;130,8;7;Neukunde;nein
West;17,5;82,5;6;Stammkunde;ja